country,date,total_vaccinations,daily_vaccinations
Albania,2021-03-01,14295.0,1081.0
Albania,2021-03-02,,1026.0
Albania,2021-03-03,15793.0,971.0
Albania,2021-03-04,,927.0
Albania,2021-03-05,,897.0
Albania,2021-03-06,,867.0
Albania,2021-03-07,,838.0
Albania,2021-03-08,,808.0
Albania,2021-03-09,,820.0
Albania,2021-03-10,21613.0,831.0
Albania,2021-03-11,,857.0
Albania,2021-03-12,23635.0,883.0
Andorra,2021-03-01,,80.0
Andorra,2021-03-02,,89.0
Andorra,2021-03-03,,97.0
Andorra,2021-03-04,,103.0
Andorra,2021-03-05,,108.0
Andorra,2021-03-06,,108.0
Andorra,2021-03-07,,108.0
Andorra,2021-03-08,3611.0,108.0
Andorra,2021-03-09,,186.0
Andorra,2021-03-10,4914.0,264.0
Angola,2021-03-05,0.0,
Angola,2021-03-06,,2056.0
Angola,2021-03-07,,2056.0
Angola,2021-03-08,6169.0,2056.0
Argentina,2021-03-01,1049169.0,46705.0
Argentina,2021-03-02,1126108.0,54213.0
Argentina,2021-03-03,1181292.0,57262.0
Argentina,2021-03-04,1252461.0,60376.0
Argentina,2021-03-05,1357596.0,64812.0
Argentina,2021-03-06,,65277.0
Argentina,2021-03-07,1526078.0,71582.0
Argentina,2021-03-08,1546699.0,71076.0
Argentina,2021-03-09,1648957.0,74693.0
Argentina,2021-03-10,1774438.0,84735.0
Argentina,2021-03-11,1919074.0,95230.0
Argentina,2021-03-12,2098205.0,105801.0
Argentina,2021-03-13,2294738.0,121843.0
Argentina,2021-03-14,2381429.0,122193.0
Australia,2021-03-01,33702.0,4812.0
Australia,2021-03-02,41907.0,5575.0
Australia,2021-03-03,50840.0,6276.0
Australia,2021-03-04,61008.0,6215.0
Australia,2021-03-05,71867.0,6695.0
Australia,2021-03-06,76940.0,6706.0
Australia,2021-03-07,81345.0,7064.0
Australia,2021-03-08,86369.0,7524.0
Australia,2021-03-09,94908.0,7572.0
Australia,2021-03-10,106200.0,7909.0
Australia,2021-03-11,125000.0,9142.0
Australia,2021-03-12,135103.0,9034.0
Australia,2021-03-13,159294.0,11765.0
Australia,2021-03-14,162551.0,11601.0
Austria,2021-03-01,680789.0,17509.0
Austria,2021-03-02,704912.0,18905.0
Austria,2021-03-03,731334.0,19956.0
Austria,2021-03-04,757383.0,20930.0
Austria,2021-03-05,791706.0,21890.0
Austria,2021-03-06,818759.0,22340.0
Austria,2021-03-07,830427.0,22570.0
Austria,2021-03-08,841524.0,22962.0
Austria,2021-03-09,868628.0,23388.0
Austria,2021-03-10,894895.0,23366.0
Austria,2021-03-11,935841.0,25494.0
Austria,2021-03-12,984454.0,27535.0
Austria,2021-03-13,1026244.0,29641.0
Azerbaijan,2021-03-01,293360.0,9929.0
Azerbaijan,2021-03-02,,11650.0
Azerbaijan,2021-03-03,337315.0,13371.0
Azerbaijan,2021-03-04,,13719.0
Azerbaijan,2021-03-05,,14067.0
Azerbaijan,2021-03-06,,14415.0
Azerbaijan,2021-03-07,,14763.0
Azerbaijan,2021-03-08,,15110.0
Azerbaijan,2021-03-09,411496.0,13737.0
Azerbaijan,2021-03-10,428635.0,13046.0
Azerbaijan,2021-03-11,436849.0,12453.0
Azerbaijan,2021-03-12,443888.0,11692.0
Azerbaijan,2021-03-13,450316.0,10844.0
Azerbaijan,2021-03-14,453586.0,9545.0
Bahrain,2021-03-01,,7712.0
Bahrain,2021-03-02,,7712.0
Bahrain,2021-03-03,,7712.0
Bahrain,2021-03-04,,7712.0
Bahrain,2021-03-05,,7712.0
Bahrain,2021-03-06,506519.0,7712.0
Bahrain,2021-03-07,509907.0,7094.0
Bahrain,2021-03-08,512420.0,6352.0
Bahrain,2021-03-09,514559.0,5556.0
Bahrain,2021-03-10,517901.0,4931.0
Bahrain,2021-03-11,520429.0,4191.0
Bahrain,2021-03-12,522344.0,3362.0
Bahrain,2021-03-13,534625.0,4015.0
Bahrain,2021-03-14,551197.0,5899.0
Bangladesh,2021-03-01,,131123.0
Bangladesh,2021-03-02,3341505.0,121493.0
Bangladesh,2021-03-03,,112614.0
Bangladesh,2021-03-04,3581169.0,104318.0
Bangladesh,2021-03-05,,99568.0
Bangladesh,2021-03-06,,94817.0
Bangladesh,2021-03-07,3682152.0,81661.0
Bangladesh,2021-03-08,,88863.0
Bangladesh,2021-03-09,4013963.0,96065.0
Bangladesh,2021-03-10,,93530.0
Bangladesh,2021-03-11,4218127.0,90994.0
Bangladesh,2021-03-12,,94755.0
Bangladesh,2021-03-13,,98516.0
Bangladesh,2021-03-14,4398094.0,102277.0
Barbados,2021-03-01,41125.0,3148.0
Barbados,2021-03-02,43235.0,3028.0
Barbados,2021-03-03,44859.0,2754.0
Barbados,2021-03-04,46442.0,2451.0
Barbados,2021-03-05,48480.0,2121.0
Barbados,2021-03-06,48886.0,1734.0
Barbados,2021-03-07,49317.0,1529.0
Barbados,2021-03-08,49393.0,1181.0
Barbados,2021-03-09,49757.0,932.0
Barbados,2021-03-10,50263.0,772.0
Barbados,2021-03-11,50703.0,609.0
Barbados,2021-03-12,50980.0,357.0
Belgium,2021-03-01,853350.0,17394.0
Belgium,2021-03-02,876017.0,17843.0
Belgium,2021-03-03,904431.0,18721.0
Belgium,2021-03-04,950003.0,20820.0
Belgium,2021-03-05,990824.0,22247.0
Belgium,2021-03-06,998994.0,22803.0
Belgium,2021-03-07,1000459.0,22896.0
Belgium,2021-03-08,1015664.0,23188.0
Belgium,2021-03-09,1041101.0,23583.0
Belgium,2021-03-10,1072341.0,23987.0
Belgium,2021-03-11,1114769.0,23538.0
Belgium,2021-03-12,1142285.0,21637.0
Belgium,2021-03-13,1145988.0,20999.0
Belize,2021-03-01,,208.0
Belize,2021-03-02,417.0,208.0
Belize,2021-03-03,673.0,224.0
Belize,2021-03-04,817.0,204.0
Belize,2021-03-05,996.0,199.0
Belize,2021-03-06,,186.0
Belize,2021-03-07,,176.0
Belize,2021-03-08,,163.0
Belize,2021-03-09,1466.0,150.0
Belize,2021-03-10,2489.0,259.0
Belize,2021-03-11,4933.0,588.0
Belize,2021-03-12,7444.0,921.0
Bermuda,2021-03-01,21387.0,616.0
Bermuda,2021-03-02,,695.0
Bermuda,2021-03-03,23939.0,773.0
Bermuda,2021-03-04,,747.0
Bermuda,2021-03-05,,720.0
Bermuda,2021-03-06,,694.0
Bermuda,2021-03-07,,723.0
Bermuda,2021-03-08,,751.0
Bermuda,2021-03-09,,646.0
Bermuda,2021-03-10,27727.0,541.0
Bolivia,2021-03-01,,491.0
Bolivia,2021-03-02,19487.0,491.0
Bolivia,2021-03-03,19865.0,474.0
Bolivia,2021-03-04,20025.0,427.0
Bolivia,2021-03-05,20110.0,369.0
Bolivia,2021-03-06,106182.0,12595.0
Bolivia,2021-03-07,106905.0,12628.0
Bolivia,2021-03-08,112066.0,13296.0
Bolivia,2021-03-09,119080.0,14228.0
Bolivia,2021-03-10,126889.0,15289.0
Bolivia,2021-03-11,132286.0,16037.0
Bolivia,2021-03-12,137150.0,16720.0
Bolivia,2021-03-13,137787.0,4515.0
Bolivia,2021-03-14,138218.0,4473.0
Brazil,2021-03-01,8465403.0,205292.0
Brazil,2021-03-02,8841027.0,220567.0
Brazil,2021-03-03,9277322.0,246521.0
Brazil,2021-03-04,9739676.0,277239.0
Brazil,2021-03-05,10169160.0,295339.0
Brazil,2021-03-06,,269398.0
Brazil,2021-03-07,,258989.0
Brazil,2021-03-08,,259965.0
Brazil,2021-03-09,,211828.0
Brazil,2021-03-10,10362487.0,155024.0
Brazil,2021-03-11,10740859.0,143026.0
Brazil,2021-03-12,11149530.0,140053.0
Brazil,2021-03-13,11362190.0,164909.0
Brazil,2021-03-14,11422666.0,168025.0
Bulgaria,2021-03-01,223539.0,13211.0
Bulgaria,2021-03-02,243772.0,13649.0
Bulgaria,2021-03-03,248169.0,11387.0
Bulgaria,2021-03-04,268544.0,11433.0
Bulgaria,2021-03-05,284464.0,11432.0
Bulgaria,2021-03-06,287118.0,11051.0
Bulgaria,2021-03-07,288631.0,10884.0
Bulgaria,2021-03-08,294132.0,10085.0
Bulgaria,2021-03-09,302151.0,8340.0
Bulgaria,2021-03-10,309145.0,8711.0
Bulgaria,2021-03-11,324446.0,7986.0
Bulgaria,2021-03-12,336660.0,7457.0
Bulgaria,2021-03-13,337904.0,7255.0
Bulgaria,2021-03-14,338879.0,7178.0
Cambodia,2021-03-01,24331.0,2479.0
Cambodia,2021-03-02,33211.0,3634.0
Cambodia,2021-03-03,40910.0,4354.0
Cambodia,2021-03-04,,5208.0
Cambodia,2021-03-05,,6042.0
Cambodia,2021-03-06,66847.0,6876.0
Cambodia,2021-03-07,71185.0,7094.0
Cambodia,2021-03-08,77963.0,7662.0
Cambodia,2021-03-09,89506.0,8042.0
Cambodia,2021-03-10,109854.0,9849.0
Cambodia,2021-03-11,129908.0,11479.0
Cambodia,2021-03-12,147591.0,12770.0
Cambodia,2021-03-13,161818.0,13567.0
Cambodia,2021-03-14,170659.0,14211.0
Canada,2021-03-01,1946200.0,55441.0
Canada,2021-03-02,2018238.0,58824.0
Canada,2021-03-03,2091700.0,62734.0
Canada,2021-03-04,2169417.0,65423.0
Canada,2021-03-05,2255174.0,68067.0
Canada,2021-03-06,2329622.0,69884.0
Canada,2021-03-07,2387189.0,71447.0
Canada,2021-03-08,2473868.0,75381.0
Canada,2021-03-09,2543253.0,75002.0
Canada,2021-03-10,2621289.0,75656.0
Canada,2021-03-11,2719317.0,78557.0
Canada,2021-03-12,2830164.0,82141.0
Canada,2021-03-13,2934007.0,86341.0
Canada,2021-03-14,3026665.0,91354.0
Cayman Islands,2021-03-01,,528.0
Cayman Islands,2021-03-02,,512.0
Cayman Islands,2021-03-03,24008.0,506.0
Cayman Islands,2021-03-04,,598.0
Cayman Islands,2021-03-05,26580.0,713.0
Cayman Islands,2021-03-06,,754.0
Cayman Islands,2021-03-07,,795.0
Cayman Islands,2021-03-08,,836.0
Cayman Islands,2021-03-09,,877.0
Cayman Islands,2021-03-10,,918.0
Cayman Islands,2021-03-11,,845.0
Cayman Islands,2021-03-12,31980.0,771.0
Chile,2021-03-01,3505745.0,70250.0
Chile,2021-03-02,3676897.0,81260.0
Chile,2021-03-03,3988157.0,113424.0
Chile,2021-03-04,4297986.0,145424.0
Chile,2021-03-05,4594458.0,176618.0
Chile,2021-03-06,4628344.0,180030.0
Chile,2021-03-07,4636250.0,181109.0
Chile,2021-03-08,4985498.0,211393.0
Chile,2021-03-09,5360348.0,240493.0
Chile,2021-03-10,5757809.0,252807.0
Chile,2021-03-11,6169762.0,267397.0
Chile,2021-03-12,6537232.0,277539.0
Chile,2021-03-13,6585891.0,279650.0
Chile,2021-03-14,6591788.0,279363.0
Colombia,2021-03-01,149133.0,14852.0
Colombia,2021-03-02,169619.0,17353.0
Colombia,2021-03-03,191480.0,20137.0
Colombia,2021-03-04,206475.0,20045.0
Colombia,2021-03-05,239851.0,22645.0
Colombia,2021-03-06,270411.0,22338.0
Colombia,2021-03-07,296240.0,23666.0
Colombia,2021-03-08,316079.0,23849.0
Colombia,2021-03-09,360635.0,27288.0
Colombia,2021-03-10,480250.0,41253.0
Colombia,2021-03-11,589208.0,54676.0
Colombia,2021-03-12,693490.0,64806.0
Colombia,2021-03-13,782301.0,73127.0
Costa Rica,2021-03-01,149812.0,6947.0
Costa Rica,2021-03-02,,7072.0
Costa Rica,2021-03-03,,7198.0
Costa Rica,2021-03-04,,7323.0
Costa Rica,2021-03-05,,7449.0
Costa Rica,2021-03-06,,7574.0
Costa Rica,2021-03-07,,7699.0
Costa Rica,2021-03-08,204586.0,7825.0
Costa Rica,2021-03-09,,8033.0
Costa Rica,2021-03-10,,8242.0
Costa Rica,2021-03-11,,8450.0
Costa Rica,2021-03-12,241724.0,8659.0
Cote d'Ivoire,2021-03-01,0.0,
Cote d'Ivoire,2021-03-02,,412.0
Cote d'Ivoire,2021-03-03,,412.0
Cote d'Ivoire,2021-03-04,,412.0
Cote d'Ivoire,2021-03-05,,412.0
Cote d'Ivoire,2021-03-06,2058.0,412.0
Cote d'Ivoire,2021-03-07,,415.0
Cote d'Ivoire,2021-03-08,2924.0,418.0
Cote d'Ivoire,2021-03-09,4363.0,564.0
Cote d'Ivoire,2021-03-10,8802.0,1140.0
Cote d'Ivoire,2021-03-11,,1300.0
Cote d'Ivoire,2021-03-12,,1460.0
Cote d'Ivoire,2021-03-13,,1621.0
Cote d'Ivoire,2021-03-14,14937.0,1778.0
Croatia,2021-03-01,213068.0,6703.0
Croatia,2021-03-02,,6800.0
Croatia,2021-03-03,,6897.0
Croatia,2021-03-04,242000.0,6819.0
Croatia,2021-03-05,,6977.0
Croatia,2021-03-06,,7135.0
Croatia,2021-03-07,,7293.0
Croatia,2021-03-08,265223.0,7451.0
Croatia,2021-03-09,,7349.0
Croatia,2021-03-10,,7248.0
Croatia,2021-03-11,,7146.0
Croatia,2021-03-12,300956.0,7593.0
Cyprus,2021-03-01,,3129.0
Cyprus,2021-03-02,,3126.0
Cyprus,2021-03-03,,2939.0
Cyprus,2021-03-04,,2753.0
Cyprus,2021-03-05,,2567.0
Cyprus,2021-03-06,,2567.0
Cyprus,2021-03-07,99275.0,2567.0
Czechia,2021-03-01,683010.0,15924.0
Czechia,2021-03-02,713012.0,17431.0
Czechia,2021-03-03,747076.0,19499.0
Czechia,2021-03-04,783576.0,21430.0
Czechia,2021-03-05,816381.0,23132.0
Czechia,2021-03-06,828387.0,24359.0
Czechia,2021-03-07,839949.0,25603.0
Czechia,2021-03-08,873177.0,27167.0
Czechia,2021-03-09,914279.0,28752.0
Czechia,2021-03-10,960675.0,30514.0
Czechia,2021-03-11,1010711.0,32448.0
Czechia,2021-03-12,1053823.0,33920.0
Czechia,2021-03-13,1070708.0,34617.0
Czechia,2021-03-14,1081907.0,34565.0
Denmark,2021-03-01,635621.0,17909.0
Denmark,2021-03-02,653607.0,18142.0
Denmark,2021-03-03,667625.0,17908.0
Denmark,2021-03-04,686829.0,18497.0
Denmark,2021-03-05,709129.0,16407.0
Denmark,2021-03-06,727771.0,17908.0
Denmark,2021-03-07,744203.0,18481.0
Denmark,2021-03-08,760139.0,17788.0
Denmark,2021-03-09,778313.0,17815.0
Denmark,2021-03-10,797678.0,18579.0
Denmark,2021-03-11,810200.0,17624.0
Denmark,2021-03-12,823968.0,16406.0
Denmark,2021-03-13,834041.0,15181.0
Dominica,2021-03-01,7202.0,400.0
Dominican Republic,2021-03-01,60000.0,5956.0
Dominican Republic,2021-03-02,105000.0,11806.0
Dominican Republic,2021-03-03,161827.0,19347.0
Dominican Republic,2021-03-04,227719.0,27800.0
Dominican Republic,2021-03-05,303490.0,37664.0
Dominican Republic,2021-03-06,375265.0,46958.0
Dominican Republic,2021-03-07,,47768.0
Dominican Republic,2021-03-08,400041.0,48577.0
Dominican Republic,2021-03-09,480237.0,53605.0
Dominican Republic,2021-03-10,547091.0,55038.0
Dominican Republic,2021-03-11,660000.0,61754.0
Ecuador,2021-03-01,42114.0,3183.0
Ecuador,2021-03-02,,3669.0
Ecuador,2021-03-03,,4156.0
Ecuador,2021-03-04,59316.0,4471.0
Ecuador,2021-03-05,71148.0,5658.0
Ecuador,2021-03-06,,5313.0
Ecuador,2021-03-07,,4968.0
Ecuador,2021-03-08,74472.0,4623.0
Ecuador,2021-03-09,75258.0,3916.0
Ecuador,2021-03-10,,4572.0
Ecuador,2021-03-11,95915.0,5228.0
Ecuador,2021-03-12,123176.0,7433.0
Ecuador,2021-03-13,139359.0,9586.0
El Salvador,2021-03-01,,1731.0
El Salvador,2021-03-02,,1331.0
El Salvador,2021-03-03,,930.0
El Salvador,2021-03-04,,529.0
El Salvador,2021-03-05,,529.0
El Salvador,2021-03-06,,529.0
El Salvador,2021-03-07,,529.0
El Salvador,2021-03-08,,529.0
El Salvador,2021-03-09,,529.0
El Salvador,2021-03-10,,529.0
El Salvador,2021-03-11,,529.0
El Salvador,2021-03-12,,529.0
El Salvador,2021-03-13,,529.0
El Salvador,2021-03-14,25000.0,529.0
England,2021-03-01,17985951.0,336288.0
England,2021-03-02,18194919.0,324072.0
England,2021-03-03,18469922.0,304623.0
England,2021-03-04,18835355.0,292788.0
England,2021-03-05,19258271.0,286204.0
England,2021-03-06,19663577.0,288826.0
England,2021-03-07,19812818.0,285726.0
England,2021-03-08,20020354.0,290629.0
England,2021-03-09,20248632.0,293388.0
England,2021-03-10,20526312.0,293770.0
England,2021-03-11,20807385.0,281719.0
England,2021-03-12,21187615.0,275621.0
England,2021-03-13,21683887.0,288616.0
Estonia,2021-03-01,112809.0,3431.0
Estonia,2021-03-02,116276.0,3499.0
Estonia,2021-03-03,,3578.0
Estonia,2021-03-04,126848.0,4267.0
Estonia,2021-03-05,134504.0,4356.0
Estonia,2021-03-06,,4130.0
Estonia,2021-03-07,145394.0,4781.0
Estonia,2021-03-08,,4990.0
Estonia,2021-03-09,150080.0,4829.0
Estonia,2021-03-10,155175.0,4802.0
Estonia,2021-03-11,161693.0,4978.0
Estonia,2021-03-12,,5220.0
Estonia,2021-03-13,180400.0,5779.0
Estonia,2021-03-14,185912.0,5788.0
Faeroe Islands,2021-03-01,,140.0
Faeroe Islands,2021-03-02,,105.0
Faeroe Islands,2021-03-03,7041.0,47.0
Faeroe Islands,2021-03-04,7394.0,91.0
Faeroe Islands,2021-03-05,7563.0,108.0
Faeroe Islands,2021-03-06,7925.0,153.0
Faeroe Islands,2021-03-07,,157.0
Faeroe Islands,2021-03-08,8068.0,160.0
Faeroe Islands,2021-03-09,,181.0
Faeroe Islands,2021-03-10,,201.0
Faeroe Islands,2021-03-11,,178.0
Faeroe Islands,2021-03-12,8832.0,181.0
Finland,2021-03-01,466538.0,14014.0
Finland,2021-03-02,,14877.0
Finland,2021-03-03,487619.0,15740.0
Finland,2021-03-04,509187.0,16047.0
Finland,2021-03-05,532902.0,15157.0
Finland,2021-03-06,565456.0,17541.0
Finland,2021-03-07,,16275.0
Finland,2021-03-08,566387.0,14264.0
Finland,2021-03-09,575749.0,14096.0
Finland,2021-03-10,600476.0,16122.0
Finland,2021-03-11,625039.0,16550.0
Finland,2021-03-12,651289.0,16912.0
Finland,2021-03-13,674128.0,15525.0
Finland,2021-03-14,682945.0,16718.0
France,2021-03-01,4675887.0,119645.0
France,2021-03-02,4839444.0,123529.0
France,2021-03-03,5016763.0,129283.0
France,2021-03-04,5232095.0,133360.0
France,2021-03-05,5484624.0,143732.0
France,2021-03-06,5692974.0,163229.0
France,2021-03-07,5807779.0,178131.0
France,2021-03-08,5972593.0,185244.0
France,2021-03-09,6197209.0,193966.0
France,2021-03-10,6427037.0,201468.0
France,2021-03-11,6722229.0,212876.0
France,2021-03-12,7058746.0,224875.0
France,2021-03-13,7292852.0,228554.0
Germany,2021-03-01,6322062.0,165700.0
Germany,2021-03-02,6533194.0,172868.0
Germany,2021-03-03,6767187.0,181536.0
Germany,2021-03-04,7000267.0,188873.0
Germany,2021-03-05,7253333.0,196517.0
Germany,2021-03-06,7450371.0,203758.0
Germany,2021-03-07,7599865.0,209636.0
Germany,2021-03-08,7830467.0,215486.0
Germany,2021-03-09,8069645.0,219493.0
Germany,2021-03-10,8337410.0,224318.0
Germany,2021-03-11,8607142.0,229554.0
Germany,2021-03-12,8863270.0,229991.0
Ghana,2021-03-01,0.0,
Ghana,2021-03-02,,28893.0
Ghana,2021-03-03,,28893.0
Ghana,2021-03-04,,28893.0
Ghana,2021-03-05,,28893.0
Ghana,2021-03-06,,28893.0
Ghana,2021-03-07,,28893.0
Ghana,2021-03-08,202252.0,28893.0
Ghana,2021-03-09,,31748.0
Ghana,2021-03-10,300000.0,34602.0
Gibraltar,2021-03-01,,829.0
Gibraltar,2021-03-02,38056.0,764.0
Gibraltar,2021-03-03,39322.0,850.0
Gibraltar,2021-03-04,40652.0,865.0
Gibraltar,2021-03-05,41318.0,775.0
Gibraltar,2021-03-06,42548.0,820.0
Gibraltar,2021-03-07,43712.0,986.0
Gibraltar,2021-03-08,43712.0,897.0
Gibraltar,2021-03-09,44240.0,883.0
Gibraltar,2021-03-10,44894.0,796.0
Gibraltar,2021-03-11,44894.0,606.0
Gibraltar,2021-03-12,45488.0,596.0
Gibraltar,2021-03-13,46136.0,513.0
Gibraltar,2021-03-14,46136.0,346.0
Greece,2021-03-01,921189.0,27254.0
Greece,2021-03-02,957139.0,27788.0
Greece,2021-03-03,991409.0,28152.0
Greece,2021-03-04,1024711.0,28334.0
Greece,2021-03-05,1059304.0,28857.0
Greece,2021-03-06,1091749.0,29418.0
Greece,2021-03-07,,29343.0
Greece,2021-03-08,1126060.0,29267.0
Greece,2021-03-09,1158386.0,28750.0
Greece,2021-03-10,1190723.0,28473.0
Greece,2021-03-11,1222393.0,28240.0
Greece,2021-03-12,1254087.0,27826.0
Greece,2021-03-13,1283472.0,27389.0
Greenland,2021-03-01,5130.0,77.0
Guatemala,2021-03-01,2427.0,607.0
Guatemala,2021-03-02,,836.0
Guatemala,2021-03-03,,988.0
Guatemala,2021-03-04,,1098.0
Guatemala,2021-03-05,,1189.0
Guatemala,2021-03-06,,1280.0
Guatemala,2021-03-07,,1516.0
Guatemala,2021-03-08,,1752.0
Guatemala,2021-03-09,,1752.0
Guatemala,2021-03-10,,1752.0
Guatemala,2021-03-11,19947.0,1752.0
Guatemala,2021-03-12,28534.0,2728.0
Guatemala,2021-03-13,30890.0,2815.0
Guernsey,2021-03-01,,256.0
Guernsey,2021-03-02,22040.0,285.0
Guernsey,2021-03-03,,349.0
Guernsey,2021-03-04,,413.0
Guernsey,2021-03-05,,477.0
Guernsey,2021-03-06,,542.0
Guernsey,2021-03-07,,606.0
Guernsey,2021-03-08,,670.0
Guernsey,2021-03-09,,734.0
Guernsey,2021-03-10,,734.0
Guernsey,2021-03-11,,734.0
Guernsey,2021-03-12,29383.0,734.0
Hong Kong,2021-03-01,27000.0,3686.0
Hong Kong,2021-03-02,40000.0,5371.0
Hong Kong,2021-03-03,51800.0,6886.0
Hong Kong,2021-03-04,62000.0,8171.0
Hong Kong,2021-03-05,72300.0,9471.0
Hong Kong,2021-03-06,83700.0,10014.0
Hong Kong,2021-03-07,93000.0,10429.0
Hong Kong,2021-03-08,103800.0,10971.0
Hong Kong,2021-03-09,113500.0,10500.0
Hong Kong,2021-03-10,130500.0,11243.0
Hong Kong,2021-03-11,145800.0,11971.0
Hong Kong,2021-03-12,162100.0,12829.0
Hong Kong,2021-03-13,177000.0,13329.0
Hong Kong,2021-03-14,190700.0,13957.0
Hungary,2021-03-01,974524.0,44530.0
Hungary,2021-03-02,1011405.0,47365.0
Hungary,2021-03-03,1052593.0,47635.0
Hungary,2021-03-04,1142680.0,54396.0
Hungary,2021-03-05,1254377.0,63767.0
Hungary,2021-03-06,1288974.0,51685.0
Hungary,2021-03-07,1310643.0,53386.0
Hungary,2021-03-08,1361530.0,55287.0
Hungary,2021-03-09,1425697.0,59185.0
Hungary,2021-03-10,1476985.0,60627.0
Hungary,2021-03-11,1581521.0,62692.0
Hungary,2021-03-12,1670757.0,59483.0
Hungary,2021-03-13,1711969.0,60428.0
Hungary,2021-03-14,1733557.0,60416.0
Iceland,2021-03-01,33683.0,846.0
Iceland,2021-03-02,33835.0,843.0
Iceland,2021-03-03,,975.0
Iceland,2021-03-04,39196.0,1106.0
Iceland,2021-03-05,39749.0,1085.0
Iceland,2021-03-06,,1120.0
Iceland,2021-03-07,,1156.0
Iceland,2021-03-08,42027.0,1192.0
Iceland,2021-03-09,,1362.0
Iceland,2021-03-10,,1171.0
Iceland,2021-03-11,46052.0,979.0
Iceland,2021-03-12,46862.0,1016.0
India,2021-03-01,14854136.0,490006.0
India,2021-03-02,15620749.0,530480.0
India,2021-03-03,16616048.0,607059.0
India,2021-03-04,18005503.0,705494.0
India,2021-03-05,19497704.0,820109.0
India,2021-03-06,20922344.0,954257.0
India,2021-03-07,20989010.0,955392.0
India,2021-03-08,23008733.0,1164942.0
India,2021-03-09,24367906.0,1249594.0
India,2021-03-10,25685011.0,1295566.0
India,2021-03-11,26164920.0,1165631.0
India,2021-03-12,28218457.0,1245822.0
India,2021-03-13,29738409.0,1259438.0
India,2021-03-14,29908038.0,1274147.0
Indonesia,2021-03-01,2838509.0,116146.0
Indonesia,2021-03-02,3023348.0,137640.0
Indonesia,2021-03-03,3386351.0,171080.0
Indonesia,2021-03-04,,163084.0
Indonesia,2021-03-05,3528152.0,154100.0
Indonesia,2021-03-06,,168116.0
Indonesia,2021-03-07,4022544.0,190340.0
Indonesia,2021-03-08,,207959.0
Indonesia,2021-03-09,,220364.0
Indonesia,2021-03-10,4837576.0,207318.0
Indonesia,2021-03-11,4991674.0,219203.0
Indonesia,2021-03-12,5108536.0,225769.0
Indonesia,2021-03-13,5440432.0,237869.0
Indonesia,2021-03-14,5480346.0,208257.0
Ireland,2021-03-01,446474.0,12408.0
Ireland,2021-03-02,460637.0,12480.0
Ireland,2021-03-03,,12271.0
Ireland,2021-03-04,493873.0,12049.0
Ireland,2021-03-05,513322.0,12465.0
Ireland,2021-03-06,523069.0,12453.0
Ireland,2021-03-07,525768.0,12284.0
Ireland,2021-03-08,536617.0,12878.0
Ireland,2021-03-09,553161.0,13218.0
Ireland,2021-03-10,570391.0,13305.0
Ireland,2021-03-11,589512.0,13663.0
Isle of Man,2021-03-01,21998.0,599.0
Isle of Man,2021-03-02,22785.0,678.0
Isle of Man,2021-03-03,23429.0,729.0
Isle of Man,2021-03-04,23438.0,663.0
Isle of Man,2021-03-05,23883.0,571.0
Isle of Man,2021-03-06,24309.0,497.0
Isle of Man,2021-03-07,24798.0,478.0
Isle of Man,2021-03-08,25086.0,441.0
Isle of Man,2021-03-09,26172.0,484.0
Isle of Man,2021-03-10,27326.0,557.0
Isle of Man,2021-03-11,28431.0,713.0
Isle of Man,2021-03-12,29794.0,844.0
Isle of Man,2021-03-13,31026.0,960.0
Isle of Man,2021-03-14,32027.0,1033.0
Israel,2021-03-01,8233216.0,97301.0
Israel,2021-03-02,8338458.0,91344.0
Israel,2021-03-03,8446696.0,89179.0
Israel,2021-03-04,8562281.0,89198.0
Israel,2021-03-05,8615897.0,88870.0
Israel,2021-03-06,8651794.0,88570.0
Israel,2021-03-07,8755263.0,89814.0
Israel,2021-03-08,8862872.0,89951.0
Israel,2021-03-09,8979133.0,91525.0
Israel,2021-03-10,9074265.0,89653.0
Israel,2021-03-11,9180650.0,88338.0
Israel,2021-03-12,9232984.0,88155.0
Israel,2021-03-13,9266002.0,87744.0
Israel,2021-03-14,9374827.0,88509.0
Italy,2021-03-01,4483686.0,117447.0
Italy,2021-03-02,4641708.0,124947.0
Italy,2021-03-03,4824612.0,133874.0
Italy,2021-03-04,5016979.0,143272.0
Italy,2021-03-05,5216371.0,152660.0
Italy,2021-03-06,5389662.0,159525.0
Italy,2021-03-07,5488572.0,162577.0
Italy,2021-03-08,5662124.0,168348.0
Italy,2021-03-09,5846580.0,172125.0
Italy,2021-03-10,6050694.0,175155.0
Italy,2021-03-11,6259134.0,177451.0
Italy,2021-03-12,6455902.0,177076.0
Italy,2021-03-13,6620011.0,175764.0
Italy,2021-03-14,6715732.0,175309.0
Japan,2021-03-01,31785.0,2836.0
Japan,2021-03-02,34772.0,2837.0
Japan,2021-03-03,37303.0,2774.0
Japan,2021-03-04,39174.0,2468.0
Japan,2021-03-05,46469.0,2563.0
Japan,2021-03-06,,3566.0
Japan,2021-03-07,,4570.0
Japan,2021-03-08,70796.0,5573.0
Japan,2021-03-09,107558.0,10398.0
Japan,2021-03-10,148950.0,15950.0
Japan,2021-03-11,181184.0,20287.0
Japan,2021-03-12,230542.0,26296.0
Jersey,2021-03-01,,635.0
Jersey,2021-03-02,,670.0
Jersey,2021-03-03,,705.0
Jersey,2021-03-04,,740.0
Jersey,2021-03-05,,775.0
Jersey,2021-03-06,,810.0
Jersey,2021-03-07,39428.0,845.0
Kenya,2021-03-04,0.0,
Kenya,2021-03-05,,667.0
Kenya,2021-03-06,,667.0
Kenya,2021-03-07,,667.0
Kenya,2021-03-08,,667.0
Kenya,2021-03-09,,667.0
Kenya,2021-03-10,4000.0,667.0
Kenya,2021-03-11,,755.0
Kenya,2021-03-12,,844.0
Kenya,2021-03-13,,932.0
Kenya,2021-03-14,9144.0,1021.0
Kuwait,2021-03-01,,8810.0
Kuwait,2021-03-02,,8810.0
Kuwait,2021-03-03,,8810.0
Kuwait,2021-03-04,,8810.0
Kuwait,2021-03-05,,8810.0
Kuwait,2021-03-06,,8810.0
Kuwait,2021-03-07,,8810.0
Kuwait,2021-03-08,360000.0,8810.0
Latvia,2021-03-01,64603.0,2384.0
Latvia,2021-03-02,66775.0,2354.0
Latvia,2021-03-03,70860.0,2322.0
Latvia,2021-03-04,76802.0,2575.0
Latvia,2021-03-05,81590.0,2779.0
Latvia,2021-03-06,82356.0,2805.0
Latvia,2021-03-07,82430.0,2797.0
Latvia,2021-03-08,84079.0,2782.0
Latvia,2021-03-09,86416.0,2806.0
Latvia,2021-03-10,88873.0,2573.0
Latvia,2021-03-11,91468.0,2095.0
Latvia,2021-03-12,96253.0,2095.0
Latvia,2021-03-13,97104.0,2107.0
Latvia,2021-03-14,,2096.0
Lebanon,2021-03-01,45859.0,3975.0
Lebanon,2021-03-02,47625.0,3721.0
Lebanon,2021-03-03,54585.0,4170.0
Lebanon,2021-03-04,57474.0,3951.0
Lebanon,2021-03-05,60538.0,3650.0
Lebanon,2021-03-06,60740.0,3678.0
Lebanon,2021-03-07,61330.0,2962.0
Lebanon,2021-03-08,64007.0,2593.0
Lebanon,2021-03-09,64974.0,2478.0
Lebanon,2021-03-10,87216.0,4662.0
Lebanon,2021-03-11,91967.0,4928.0
Lebanon,2021-03-12,95888.0,5050.0
Liechtenstein,2021-03-01,,99.0
Liechtenstein,2021-03-02,,85.0
Liechtenstein,2021-03-03,2721.0,72.0
Liechtenstein,2021-03-04,,87.0
Liechtenstein,2021-03-05,,103.0
Liechtenstein,2021-03-06,,119.0
Liechtenstein,2021-03-07,3536.0,134.0
Lithuania,2021-03-01,246377.0,7233.0
Lithuania,2021-03-02,255634.0,7326.0
Lithuania,2021-03-03,267508.0,7358.0
Lithuania,2021-03-04,282686.0,7840.0
Lithuania,2021-03-05,296489.0,8390.0
Lithuania,2021-03-06,297113.0,8379.0
Lithuania,2021-03-07,297114.0,8321.0
Lithuania,2021-03-08,305983.0,8515.0
Lithuania,2021-03-09,317732.0,8871.0
Lithuania,2021-03-10,332983.0,9354.0
Lithuania,2021-03-11,334117.0,7347.0
Lithuania,2021-03-12,350780.0,7756.0
Lithuania,2021-03-13,352510.0,7914.0
Lithuania,2021-03-14,352533.0,7917.0
Luxembourg,2021-03-01,39121.0,1028.0
Luxembourg,2021-03-02,40460.0,1013.0
Luxembourg,2021-03-03,42118.0,1051.0
Luxembourg,2021-03-04,44171.0,1157.0
Luxembourg,2021-03-05,,1196.0
Luxembourg,2021-03-06,,1235.0
Luxembourg,2021-03-07,46709.0,1274.0
Luxembourg,2021-03-08,47515.0,1199.0
Luxembourg,2021-03-09,48961.0,1214.0
Luxembourg,2021-03-10,51457.0,1334.0
Luxembourg,2021-03-11,54865.0,1528.0
Macao,2021-03-01,15094.0,1628.0
Macao,2021-03-02,16044.0,1365.0
Macao,2021-03-03,17071.0,1112.0
Macao,2021-03-04,18098.0,1058.0
Macao,2021-03-05,19028.0,1007.0
Macao,2021-03-06,20218.0,1002.0
Macao,2021-03-07,21056.0,947.0
Macao,2021-03-08,21840.0,964.0
Macao,2021-03-09,22865.0,974.0
Macao,2021-03-10,24040.0,996.0
Macao,2021-03-11,25394.0,1042.0
Macao,2021-03-12,26440.0,1059.0
Macao,2021-03-13,27637.0,1060.0
Malaysia,2021-03-01,25252.0,4209.0
Malaysia,2021-03-02,53287.0,7612.0
Malaysia,2021-03-03,80336.0,11349.0
Malaysia,2021-03-04,99616.0,13975.0
Malaysia,2021-03-05,112914.0,15747.0
Malaysia,2021-03-06,127608.0,17718.0
Malaysia,2021-03-07,139720.0,17901.0
Malaysia,2021-03-08,166363.0,20159.0
Malaysia,2021-03-09,195923.0,20377.0
Malaysia,2021-03-10,223923.0,20512.0
Malaysia,2021-03-11,249909.0,21470.0
Malaysia,2021-03-12,275851.0,23277.0
Malaysia,2021-03-13,292104.0,23499.0
Maldives,2021-03-01,117115.0,5279.0
Maldives,2021-03-02,123665.0,5508.0
Maldives,2021-03-03,129424.0,5508.0
Maldives,2021-03-04,137124.0,5545.0
Maldives,2021-03-05,138827.0,5630.0
Maldives,2021-03-06,145768.0,5754.0
Maldives,2021-03-07,151643.0,5747.0
Maldives,2021-03-08,157813.0,5814.0
Maldives,2021-03-09,165675.0,6001.0
Maldives,2021-03-10,175456.0,6576.0
Maldives,2021-03-11,186930.0,7115.0
Maldives,2021-03-12,188436.0,7087.0
Maldives,2021-03-13,198206.0,7491.0
Maldives,2021-03-14,206114.0,7782.0
Malta,2021-03-01,81883.0,2221.0
Malta,2021-03-02,84129.0,2193.0
Malta,2021-03-03,86854.0,2185.0
Malta,2021-03-04,89946.0,2329.0
Malta,2021-03-05,92806.0,2378.0
Malta,2021-03-06,95899.0,2562.0
Malta,2021-03-07,97864.0,2606.0
Malta,2021-03-08,101776.0,2842.0
Malta,2021-03-09,105416.0,3041.0
Malta,2021-03-10,108971.0,3160.0
Malta,2021-03-11,113258.0,3330.0
Malta,2021-03-12,117121.0,3474.0
Malta,2021-03-13,120073.0,3453.0
Mexico,2021-03-01,2526863.0,113351.0
Mexico,2021-03-02,2583435.0,111754.0
Mexico,2021-03-03,2633580.0,104685.0
Mexico,2021-03-04,2676035.0,83889.0
Mexico,2021-03-05,2731900.0,65838.0
Mexico,2021-03-06,2765805.0,54628.0
Mexico,2021-03-07,2793106.0,48287.0
Mexico,2021-03-08,2849630.0,46110.0
Mexico,2021-03-09,3100868.0,73919.0
Mexico,2021-03-10,3488000.0,122060.0
Mexico,2021-03-11,3800000.0,160566.0
Mexico,2021-03-12,4005131.0,181890.0
Mexico,2021-03-13,4214294.0,206927.0
Mexico,2021-03-14,4339926.0,220974.0
Moldova,2021-03-05,3849.0,
Moldova,2021-03-06,,520.0
Moldova,2021-03-07,,520.0
Moldova,2021-03-08,,520.0
Moldova,2021-03-09,,520.0
Moldova,2021-03-10,6447.0,520.0
Moldova,2021-03-11,8116.0,711.0
Moldova,2021-03-12,9341.0,785.0
Moldova,2021-03-13,11431.0,1009.0
Mongolia,2021-03-01,,1232.0
Mongolia,2021-03-02,9531.0,1213.0
Mongolia,2021-03-03,,1327.0
Mongolia,2021-03-04,13200.0,1441.0
Mongolia,2021-03-05,,1404.0
Mongolia,2021-03-06,,1357.0
Mongolia,2021-03-07,,1450.0
Mongolia,2021-03-08,,1542.0
Mongolia,2021-03-09,20976.0,1635.0
Mongolia,2021-03-10,30446.0,2726.0
Mongolia,2021-03-11,48265.0,5009.0
Mongolia,2021-03-12,67489.0,7533.0
Mongolia,2021-03-13,84017.0,9672.0
Mongolia,2021-03-14,100000.0,11733.0
Montenegro,2021-03-01,1531.0,155.0
Montenegro,2021-03-02,,152.0
Montenegro,2021-03-03,1927.0,148.0
Montenegro,2021-03-04,,139.0
Montenegro,2021-03-05,2250.0,137.0
Montenegro,2021-03-06,2406.0,148.0
Montenegro,2021-03-07,,183.0
Montenegro,2021-03-08,3062.0,219.0
Montenegro,2021-03-09,,202.0
Montenegro,2021-03-10,,184.0
Montenegro,2021-03-11,,172.0
Montenegro,2021-03-12,3374.0,161.0
Montenegro,2021-03-13,,168.0
Montenegro,2021-03-14,3793.0,151.0
Morocco,2021-03-01,3801650.0,175138.0
Morocco,2021-03-02,3951325.0,183462.0
Morocco,2021-03-03,4105862.0,165274.0
Morocco,2021-03-04,4233129.0,147003.0
Morocco,2021-03-05,4377629.0,136191.0
Morocco,2021-03-06,4492557.0,127808.0
Morocco,2021-03-07,,121878.0
Morocco,2021-03-08,4613292.0,115949.0
Morocco,2021-03-09,4734200.0,111839.0
Morocco,2021-03-10,4934283.0,118346.0
Morocco,2021-03-11,5102685.0,124222.0
Morocco,2021-03-12,5394092.0,145209.0
Morocco,2021-03-13,5682508.0,169993.0
Netherlands,2021-03-01,,45260.0
Netherlands,2021-03-02,,44465.0
Netherlands,2021-03-03,,43669.0
Netherlands,2021-03-04,,42874.0
Netherlands,2021-03-05,,42078.0
Netherlands,2021-03-06,,41283.0
Netherlands,2021-03-07,1619839.0,40487.0
New Zealand,2021-03-01,,513.0
New Zealand,2021-03-02,,859.0
New Zealand,2021-03-03,9431.0,1204.0
New Zealand,2021-03-04,,1361.0
New Zealand,2021-03-05,,1518.0
New Zealand,2021-03-06,,1675.0
New Zealand,2021-03-07,,1833.0
New Zealand,2021-03-08,,1630.0
New Zealand,2021-03-09,,1427.0
New Zealand,2021-03-10,18000.0,1224.0
Northern Ireland,2021-03-01,572759.0,10508.0
Northern Ireland,2021-03-02,582881.0,10472.0
Northern Ireland,2021-03-03,596860.0,10519.0
Northern Ireland,2021-03-04,609798.0,10387.0
Northern Ireland,2021-03-05,619315.0,10146.0
Northern Ireland,2021-03-06,625144.0,10212.0
Northern Ireland,2021-03-07,631654.0,10437.0
Northern Ireland,2021-03-08,641121.0,9766.0
Northern Ireland,2021-03-09,648028.0,9307.0
Northern Ireland,2021-03-10,655643.0,8398.0
Northern Ireland,2021-03-11,664029.0,7747.0
Northern Ireland,2021-03-12,671514.0,7457.0
Northern Ireland,2021-03-13,677602.0,7494.0
Norway,2021-03-01,503768.0,15031.0
Norway,2021-03-02,517964.0,15501.0
Norway,2021-03-03,553222.0,15836.0
Norway,2021-03-04,587477.0,15587.0
Norway,2021-03-05,605573.0,15578.0
Norway,2021-03-06,606337.0,15597.0
Norway,2021-03-07,606428.0,15511.0
Norway,2021-03-08,611236.0,15353.0
Norway,2021-03-09,627316.0,15622.0
Norway,2021-03-10,664408.0,15884.0
Norway,2021-03-11,690657.0,14740.0
Oman,2021-03-01,,1867.0
Oman,2021-03-02,,1918.0
Oman,2021-03-03,,1918.0
Oman,2021-03-04,,1918.0
Oman,2021-03-05,,1918.0
Oman,2021-03-06,,1918.0
Oman,2021-03-07,,1918.0
Oman,2021-03-08,,1918.0
Oman,2021-03-09,94518.0,1918.0
Oman,2021-03-10,98168.0,2166.0
Panama,2021-03-01,122305.0,9442.0
Panama,2021-03-02,128132.0,9721.0
Panama,2021-03-03,132610.0,8862.0
Panama,2021-03-04,150411.0,8713.0
Panama,2021-03-05,166931.0,8609.0
Panama,2021-03-06,194715.0,11455.0
Panama,2021-03-07,208415.0,12965.0
Panama,2021-03-08,211751.0,12778.0
Panama,2021-03-09,214492.0,12337.0
Panama,2021-03-10,224765.0,13165.0
Panama,2021-03-11,233365.0,11851.0
Panama,2021-03-12,245177.0,11178.0
Panama,2021-03-13,252313.0,8228.0
Paraguay,2021-03-01,,151.0
Paraguay,2021-03-02,,127.0
Paraguay,2021-03-03,,102.0
Paraguay,2021-03-04,,78.0
Paraguay,2021-03-05,,78.0
Paraguay,2021-03-06,,78.0
Paraguay,2021-03-07,1775.0,78.0
Paraguay,2021-03-08,,77.0
Paraguay,2021-03-09,1925.0,77.0
Paraguay,2021-03-10,2861.0,199.0
Paraguay,2021-03-11,4356.0,402.0
Paraguay,2021-03-12,7156.0,791.0
Paraguay,2021-03-13,7579.0,840.0
Peru,2021-03-01,,
Peru,2021-03-02,323358.0,
Peru,2021-03-03,338574.0,2174.0
Peru,2021-03-04,364617.0,5894.0
Peru,2021-03-05,393103.0,9964.0
Peru,2021-03-06,406128.0,11824.0
Peru,2021-03-07,407739.0,12054.0
Peru,2021-03-08,426530.0,14739.0
Peru,2021-03-09,441665.0,16901.0
Peru,2021-03-10,452236.0,16237.0
Peru,2021-03-11,460082.0,13638.0
Peru,2021-03-12,475933.0,11833.0
Peru,2021-03-13,492488.0,12337.0
Philippines,2021-03-01,,1396.0
Philippines,2021-03-02,2793.0,1396.0
Philippines,2021-03-03,,2696.0
Philippines,2021-03-04,,3346.0
Philippines,2021-03-05,,3735.0
Philippines,2021-03-06,,3995.0
Philippines,2021-03-07,29266.0,4181.0
Philippines,2021-03-08,44000.0,6086.0
Philippines,2021-03-09,,10922.0
Philippines,2021-03-10,114500.0,15202.0
Poland,2021-03-01,3383426.0,89141.0
Poland,2021-03-02,,89473.0
Poland,2021-03-03,3619316.0,89805.0
Poland,2021-03-04,3791577.0,94476.0
Poland,2021-03-05,,85933.0
Poland,2021-03-06,3951104.0,92574.0
Poland,2021-03-07,,91652.0
Poland,2021-03-08,4004734.0,88758.0
Poland,2021-03-09,4086863.0,83642.0
Poland,2021-03-10,,88535.0
Poland,2021-03-11,4391256.0,85668.0
Poland,2021-03-12,4487273.0,87990.0
Poland,2021-03-13,4517537.0,80919.0
Portugal,2021-03-01,868951.0,26956.0
Portugal,2021-03-02,885109.0,27259.0
Portugal,2021-03-03,900831.0,25731.0
Portugal,2021-03-04,929133.0,25259.0
Portugal,2021-03-05,972183.0,25025.0
Portugal,2021-03-06,1012032.0,24878.0
Portugal,2021-03-07,1029189.0,23895.0
Portugal,2021-03-08,1033100.0,23450.0
Portugal,2021-03-09,1044091.0,22712.0
Portugal,2021-03-10,1055085.0,22036.0
Portugal,2021-03-11,1078763.0,21376.0
Portugal,2021-03-12,1113885.0,20243.0
Portugal,2021-03-13,1147575.0,19363.0
Portugal,2021-03-14,1163873.0,19241.0
Qatar,2021-03-01,,11000.0
Qatar,2021-03-02,,11000.0
Qatar,2021-03-03,,11000.0
Qatar,2021-03-04,,11000.0
Qatar,2021-03-05,,11000.0
Qatar,2021-03-06,,11000.0
Qatar,2021-03-07,327000.0,11000.0
Qatar,2021-03-08,,11952.0
Qatar,2021-03-09,,12905.0
Qatar,2021-03-10,380000.0,13857.0
Romania,2021-03-01,1565021.0,22276.0
Romania,2021-03-02,1603179.0,23535.0
Romania,2021-03-03,1641874.0,25032.0
Romania,2021-03-04,1685611.0,28386.0
Romania,2021-03-05,1732964.0,32419.0
Romania,2021-03-06,1781602.0,37124.0
Romania,2021-03-07,1826786.0,41988.0
Romania,2021-03-08,1870244.0,43603.0
Romania,2021-03-09,1918443.0,45038.0
Romania,2021-03-10,1969846.0,46853.0
Romania,2021-03-11,2019757.0,47735.0
Romania,2021-03-12,2069143.0,48026.0
Russia,2021-03-01,5238966.0,70472.0
Russia,2021-03-02,5249831.0,61957.0
Russia,2021-03-03,5489342.0,86105.0
Russia,2021-03-04,6010744.0,150524.0
Russia,2021-03-05,6301854.0,182043.0
Russia,2021-03-06,6583873.0,212264.0
Russia,2021-03-07,6655487.0,212428.0
Russia,2021-03-08,6669466.0,204357.0
Russia,2021-03-09,6694349.0,206360.0
Russia,2021-03-10,7048129.0,222684.0
Russia,2021-03-11,7273933.0,180456.0
Russia,2021-03-12,7448262.0,163773.0
Russia,2021-03-13,7639374.0,150786.0
Russia,2021-03-14,7698889.0,149057.0
Rwanda,2021-03-01,,4170.0
Rwanda,2021-03-02,,4170.0
Rwanda,2021-03-03,,4170.0
Rwanda,2021-03-04,,4170.0
Rwanda,2021-03-05,75056.0,4170.0
Rwanda,2021-03-06,158898.0,15552.0
Rwanda,2021-03-07,,17495.0
Rwanda,2021-03-08,,19439.0
Rwanda,2021-03-09,,21383.0
Rwanda,2021-03-10,230000.0,23326.0
Rwanda,2021-03-11,240000.0,24159.0
Rwanda,2021-03-12,,24278.0
Rwanda,2021-03-13,250000.0,13015.0
Rwanda,2021-03-14,254000.0,11047.0
Saint Lucia,2021-03-01,,131.0
Saint Lucia,2021-03-02,,131.0
Saint Lucia,2021-03-03,,131.0
Saint Lucia,2021-03-04,2094.0,131.0
San Marino,2021-03-01,275.0,120.0
San Marino,2021-03-02,580.0,182.0
San Marino,2021-03-03,883.0,212.0
San Marino,2021-03-04,1383.0,270.0
San Marino,2021-03-05,1880.0,308.0
San Marino,2021-03-06,2339.0,329.0
San Marino,2021-03-07,,338.0
San Marino,2021-03-08,2700.0,346.0
San Marino,2021-03-09,3065.0,355.0
San Marino,2021-03-10,3668.0,398.0
San Marino,2021-03-11,4284.0,414.0
San Marino,2021-03-12,4806.0,418.0
San Marino,2021-03-13,4832.0,356.0
Saudi Arabia,2021-03-01,,37896.0
Saudi Arabia,2021-03-02,885411.0,43018.0
Saudi Arabia,2021-03-03,1003287.0,57498.0
Saudi Arabia,2021-03-04,1194019.0,79205.0
Saudi Arabia,2021-03-05,1264878.0,89327.0
Saudi Arabia,2021-03-06,,84097.0
Saudi Arabia,2021-03-07,1332740.0,78868.0
Saudi Arabia,2021-03-08,1484935.0,93128.0
Saudi Arabia,2021-03-09,1640975.0,107938.0
Saudi Arabia,2021-03-10,1685881.0,97513.0
Saudi Arabia,2021-03-11,1823819.0,89971.0
Saudi Arabia,2021-03-12,2007232.0,106051.0
Saudi Arabia,2021-03-13,2082780.0,111996.0
Saudi Arabia,2021-03-14,2232110.0,128481.0
Scotland,2021-03-01,1718806.0,30052.0
Scotland,2021-03-02,1754429.0,30890.0
Scotland,2021-03-03,1788666.0,30861.0
Scotland,2021-03-04,1825869.0,31086.0
Scotland,2021-03-05,1857950.0,30803.0
Scotland,2021-03-06,1875680.0,29353.0
Scotland,2021-03-07,1893391.0,28993.0
Scotland,2021-03-08,1913063.0,27751.0
Scotland,2021-03-09,1941918.0,26784.0
Scotland,2021-03-10,1967233.0,25510.0
Scotland,2021-03-11,1994045.0,24025.0
Scotland,2021-03-12,2023373.0,23632.0
Scotland,2021-03-13,2048735.0,24722.0
Senegal,2021-03-01,35299.0,5043.0
Senegal,2021-03-02,39938.0,5694.0
Senegal,2021-03-03,45638.0,5936.0
Senegal,2021-03-04,52363.0,5802.0
Senegal,2021-03-05,62060.0,5774.0
Senegal,2021-03-06,64117.0,5495.0
Senegal,2021-03-07,65037.0,5431.0
Senegal,2021-03-08,66768.0,4496.0
Senegal,2021-03-09,68017.0,4011.0
Senegal,2021-03-10,68205.0,3224.0
Senegal,2021-03-11,,5262.0
Senegal,2021-03-12,,6876.0
Senegal,2021-03-13,131186.0,9581.0
Serbia,2021-03-01,1470606.0,29299.0
Serbia,2021-03-02,1501917.0,28798.0
Serbia,2021-03-03,1535274.0,27365.0
Serbia,2021-03-04,1576983.0,28730.0
Serbia,2021-03-05,1618754.0,32238.0
Serbia,2021-03-06,1650030.0,30996.0
Serbia,2021-03-07,1651293.0,30659.0
Serbia,2021-03-08,1704790.0,33455.0
Serbia,2021-03-09,1750533.0,35517.0
Serbia,2021-03-10,1792912.0,36805.0
Serbia,2021-03-11,1827340.0,35765.0
Serbia,2021-03-12,1897335.0,39797.0
Serbia,2021-03-13,1957065.0,43862.0
Serbia,2021-03-14,2007650.0,50908.0
Seychelles,2021-03-01,80131.0,1723.0
Seychelles,2021-03-02,,1418.0
Seychelles,2021-03-03,80863.0,1147.0
Seychelles,2021-03-04,81715.0,946.0
Seychelles,2021-03-05,,734.0
Seychelles,2021-03-06,,522.0
Seychelles,2021-03-07,,571.0
Seychelles,2021-03-08,84468.0,620.0
Seychelles,2021-03-09,,772.0
Seychelles,2021-03-10,87333.0,924.0
Seychelles,2021-03-11,88106.0,913.0
Singapore,2021-03-01,525039.0,15004.0
Singapore,2021-03-02,,14763.0
Singapore,2021-03-03,,14523.0
Singapore,2021-03-04,565000.0,14282.0
Singapore,2021-03-05,,13615.0
Singapore,2021-03-06,,12948.0
Singapore,2021-03-07,596000.0,12281.0
Singapore,2021-03-08,611314.0,12325.0
Slovakia,2021-03-01,464602.0,11258.0
Slovakia,2021-03-02,479874.0,11619.0
Slovakia,2021-03-03,493207.0,11654.0
Slovakia,2021-03-04,506259.0,11936.0
Slovakia,2021-03-05,519050.0,11908.0
Slovakia,2021-03-06,536403.0,13215.0
Slovakia,2021-03-07,545440.0,13711.0
Slovakia,2021-03-08,559157.0,13508.0
Slovakia,2021-03-09,569045.0,12739.0
Slovakia,2021-03-10,579640.0,12348.0
Slovakia,2021-03-11,596924.0,12952.0
Slovakia,2021-03-12,597182.0,11162.0
Slovakia,2021-03-13,620928.0,12075.0
Slovenia,2021-03-01,176134.0,4146.0
Slovenia,2021-03-02,178296.0,4242.0
Slovenia,2021-03-03,185566.0,4286.0
Slovenia,2021-03-04,196607.0,4326.0
Slovenia,2021-03-05,206718.0,4664.0
Slovenia,2021-03-06,208648.0,4807.0
Slovenia,2021-03-07,208649.0,4807.0
Slovenia,2021-03-08,210449.0,4902.0
Slovenia,2021-03-09,214593.0,5185.0
Slovenia,2021-03-10,224090.0,5503.0
Slovenia,2021-03-11,237682.0,5868.0
Slovenia,2021-03-12,250242.0,6218.0
Slovenia,2021-03-13,258024.0,7054.0
South Africa,2021-03-01,73047.0,7141.0
South Africa,2021-03-02,76037.0,6246.0
South Africa,2021-03-03,83570.0,5966.0
South Africa,2021-03-04,92029.0,5626.0
South Africa,2021-03-05,100180.0,5219.0
South Africa,2021-03-06,101573.0,4896.0
South Africa,2021-03-07,101573.0,4435.0
South Africa,2021-03-08,101841.0,4113.0
South Africa,2021-03-09,107054.0,4431.0
South Africa,2021-03-10,128887.0,6474.0
South Africa,2021-03-11,138014.0,6569.0
South Africa,2021-03-12,145215.0,6434.0
South Africa,2021-03-13,145544.0,6282.0
South Korea,2021-03-01,,13576.0
South Korea,2021-03-02,87428.0,17486.0
South Korea,2021-03-03,154421.0,25737.0
South Korea,2021-03-04,225853.0,32265.0
South Korea,2021-03-05,296380.0,39699.0
South Korea,2021-03-06,314656.0,42048.0
South Korea,2021-03-07,316865.0,42241.0
South Korea,2021-03-08,383346.0,47006.0
South Korea,2021-03-09,446941.0,51359.0
South Korea,2021-03-10,500635.0,49459.0
South Korea,2021-03-11,546277.0,45775.0
South Korea,2021-03-12,583658.0,41040.0
South Korea,2021-03-13,587884.0,39033.0
South Korea,2021-03-14,588958.0,38870.0
Spain,2021-03-01,3908734.0,106220.0
Spain,2021-03-02,4059320.0,110663.0
Spain,2021-03-03,4229092.0,113276.0
Spain,2021-03-04,4471577.0,123706.0
Spain,2021-03-05,,124505.0
Spain,2021-03-06,,125304.0
Spain,2021-03-07,4712191.0,126104.0
Spain,2021-03-08,4848648.0,134273.0
Spain,2021-03-09,4989505.0,132884.0
Spain,2021-03-10,5172106.0,134716.0
Spain,2021-03-11,5352767.0,125884.0
Sri Lanka,2021-03-01,509275.0,22132.0
Sri Lanka,2021-03-02,553821.0,26702.0
Sri Lanka,2021-03-03,599991.0,29503.0
Sri Lanka,2021-03-04,650991.0,35849.0
Sri Lanka,2021-03-05,699521.0,41841.0
Sri Lanka,2021-03-06,724278.0,40329.0
Sri Lanka,2021-03-07,729562.0,37602.0
Sri Lanka,2021-03-08,737062.0,32541.0
Sri Lanka,2021-03-09,743775.0,27136.0
Sri Lanka,2021-03-10,752098.0,21730.0
Sri Lanka,2021-03-11,759548.0,15508.0
Sri Lanka,2021-03-12,760765.0,8749.0
Sri Lanka,2021-03-13,770408.0,6590.0
Sri Lanka,2021-03-14,773011.0,6207.0
Sweden,2021-03-01,,19643.0
Sweden,2021-03-02,,18474.0
Sweden,2021-03-03,,17306.0
Sweden,2021-03-04,,16137.0
Sweden,2021-03-05,890291.0,14968.0
Sweden,2021-03-06,,15427.0
Sweden,2021-03-07,,15886.0
Sweden,2021-03-08,,17514.0
Sweden,2021-03-09,986389.0,19141.0
Sweden,2021-03-10,1010832.0,20829.0
Sweden,2021-03-11,1049986.0,24618.0
Sweden,2021-03-12,1093915.0,29089.0
Switzerland,2021-03-01,816594.0,19175.0
Switzerland,2021-03-02,827871.0,19158.0
Switzerland,2021-03-03,882579.0,19242.0
Switzerland,2021-03-04,895038.0,19509.0
Switzerland,2021-03-05,904983.0,19565.0
Switzerland,2021-03-06,906578.0,19559.0
Switzerland,2021-03-07,948826.0,20443.0
Switzerland,2021-03-08,958623.0,20290.0
Switzerland,2021-03-09,969730.0,20266.0
Switzerland,2021-03-10,1035004.0,21775.0
Thailand,2021-03-01,319.0,160.0
Thailand,2021-03-02,7262.0,2421.0
Thailand,2021-03-03,,2639.0
Thailand,2021-03-04,,2770.0
Thailand,2021-03-05,,2858.0
Thailand,2021-03-06,,2920.0
Thailand,2021-03-07,,3368.0
Thailand,2021-03-08,,3816.0
Thailand,2021-03-09,,3295.0
Thailand,2021-03-10,33621.0,3295.0
Thailand,2021-03-11,,3364.0
Thailand,2021-03-12,,3434.0
Thailand,2021-03-13,44963.0,3503.0
Tunisia,2021-03-12,0.0,
Tunisia,2021-03-13,743.0,743.0
Tunisia,2021-03-14,2076.0,1038.0
Turkey,2021-03-01,8774718.0,276774.0
Turkey,2021-03-02,9073640.0,254877.0
Turkey,2021-03-03,9317546.0,242550.0
Turkey,2021-03-04,9560038.0,225759.0
Turkey,2021-03-05,9756289.0,208212.0
Turkey,2021-03-06,9883607.0,195547.0
Turkey,2021-03-07,9917348.0,195639.0
Turkey,2021-03-08,10001980.0,175323.0
Turkey,2021-03-09,10222994.0,164193.0
Turkey,2021-03-10,10360283.0,148962.0
Turkey,2021-03-11,10502494.0,134637.0
Turkey,2021-03-12,10742277.0,140855.0
Turkey,2021-03-13,10923284.0,148525.0
Turkey,2021-03-14,10992095.0,153535.0
Uganda,2021-03-09,0.0,
Uganda,2021-03-10,,338.0
Uganda,2021-03-11,,338.0
Uganda,2021-03-12,1015.0,338.0
Uganda,2021-03-13,1215.0,304.0
Ukraine,2021-03-01,4905.0,949.0
Ukraine,2021-03-02,6888.0,1122.0
Ukraine,2021-03-03,9568.0,1344.0
Ukraine,2021-03-04,12481.0,1592.0
Ukraine,2021-03-05,15758.0,1815.0
Ukraine,2021-03-06,17037.0,1985.0
Ukraine,2021-03-07,17947.0,1989.0
Ukraine,2021-03-08,19118.0,2030.0
Ukraine,2021-03-09,23480.0,2370.0
Ukraine,2021-03-10,29378.0,2830.0
Ukraine,2021-03-11,38237.0,3679.0
Ukraine,2021-03-12,47541.0,4540.0
Ukraine,2021-03-13,51137.0,4871.0
Ukraine,2021-03-14,53155.0,5030.0
United Arab Emirates,2021-03-01,6028417.0,67232.0
United Arab Emirates,2021-03-02,6094956.0,60956.0
United Arab Emirates,2021-03-03,6168330.0,58124.0
United Arab Emirates,2021-03-04,6204004.0,51138.0
United Arab Emirates,2021-03-05,6235316.0,43145.0
United Arab Emirates,2021-03-06,6265860.0,35824.0
United Arab Emirates,2021-03-07,6273009.0,36078.0
United Arab Emirates,2021-03-08,6287751.0,37048.0
United Arab Emirates,2021-03-09,6325211.0,32894.0
United Arab Emirates,2021-03-10,6367861.0,28504.0
United Arab Emirates,2021-03-11,6407350.0,29049.0
United Arab Emirates,2021-03-12,6462887.0,32510.0
United Arab Emirates,2021-03-13,6516723.0,35838.0
United Arab Emirates,2021-03-14,6540912.0,38272.0
United Kingdom,2021-03-01,21322717.0,394821.0
United Kingdom,2021-03-02,21599027.0,383864.0
United Kingdom,2021-03-03,21946433.0,364840.0
United Kingdom,2021-03-04,22392883.0,354184.0
United Kingdom,2021-03-05,22887118.0,348037.0
United Kingdom,2021-03-06,23335514.0,349976.0
United Kingdom,2021-03-07,23519898.0,346947.0
United Kingdom,2021-03-08,23773959.0,350177.0
United Kingdom,2021-03-09,24064182.0,352165.0
United Kingdom,2021-03-10,24405231.0,351257.0
United Kingdom,2021-03-11,24759603.0,338103.0
United Kingdom,2021-03-12,25216857.0,332820.0
United Kingdom,2021-03-13,25781120.0,349372.0
United States,2021-03-01,76899987.0,1817502.0
United States,2021-03-02,78631601.0,1942788.0
United States,2021-03-03,80540474.0,2010790.0
United States,2021-03-04,82572848.0,2042676.0
United States,2021-03-05,85008094.0,2079147.0
United States,2021-03-06,87912323.0,2158020.0
United States,2021-03-07,90351750.0,2159392.0
United States,2021-03-08,92089852.0,2169981.0
United States,2021-03-09,93692598.0,2151571.0
United States,2021-03-10,95721290.0,2168688.0
United States,2021-03-11,98203893.0,2233006.0
United States,2021-03-12,101128005.0,2302844.0
United States,2021-03-13,105703501.0,2541597.0
United States,2021-03-14,107060274.0,2386932.0
Uruguay,2021-03-01,18423.0,9026.0
Uruguay,2021-03-02,33140.0,10923.0
Uruguay,2021-03-03,54480.0,13527.0
Uruguay,2021-03-04,63452.0,12616.0
Uruguay,2021-03-05,72652.0,12047.0
Uruguay,2021-03-06,72652.0,10326.0
Uruguay,2021-03-07,72652.0,10326.0
Uruguay,2021-03-08,100803.0,11769.0
Uruguay,2021-03-09,122629.0,12784.0
Uruguay,2021-03-10,147798.0,13331.0
Uruguay,2021-03-11,170318.0,15267.0
Uruguay,2021-03-12,193652.0,17286.0
Uruguay,2021-03-13,204169.0,18788.0
Uruguay,2021-03-14,204169.0,18788.0
Venezuela,2021-03-01,,1204.0
Venezuela,2021-03-02,,1204.0
Venezuela,2021-03-03,,1204.0
Venezuela,2021-03-04,12194.0,1204.0
Vietnam,2021-03-07,0.0,
Vietnam,2021-03-08,,875.0
Vietnam,2021-03-09,,875.0
Vietnam,2021-03-10,,875.0
Vietnam,2021-03-11,,875.0
Vietnam,2021-03-12,,875.0
Vietnam,2021-03-13,5248.0,875.0
Wales,2021-03-01,1045201.0,17974.0
Wales,2021-03-02,1066798.0,18430.0
Wales,2021-03-03,1090985.0,18838.0
Wales,2021-03-04,1121861.0,19924.0
Wales,2021-03-05,1151582.0,20885.0
Wales,2021-03-06,1171113.0,21584.0
Wales,2021-03-07,1182035.0,21792.0
Wales,2021-03-08,1199421.0,22031.0
Wales,2021-03-09,1225604.0,22687.0
Wales,2021-03-10,1256043.0,23580.0
Wales,2021-03-11,1294144.0,24612.0
Wales,2021-03-12,1334355.0,26110.0
Wales,2021-03-13,1370896.0,28540.0
Zimbabwe,2021-03-01,21456.0,2877.0
Zimbabwe,2021-03-02,25077.0,3005.0
Zimbabwe,2021-03-03,27970.0,2871.0
Zimbabwe,2021-03-04,30658.0,2807.0
Zimbabwe,2021-03-05,31325.0,2678.0
Zimbabwe,2021-03-06,32014.0,2330.0
Zimbabwe,2021-03-07,32240.0,1914.0
Zimbabwe,2021-03-08,35518.0,2009.0
Zimbabwe,2021-03-09,35761.0,1526.0
Zimbabwe,2021-03-10,35901.0,1133.0
Zimbabwe,2021-03-11,36019.0,766.0
Zimbabwe,2021-03-12,36283.0,708.0
Zimbabwe,2021-03-13,36359.0,621.0
Zimbabwe,2021-03-14,36359.0,588.0
